Date,Close
2017-04-20,60.501999
2017-04-21,61.119999
2017-04-24,61.605999
2017-04-25,62.757999
2017-04-26,62.034
2017-04-27,61.726002
2017-04-28,62.813999
2017-05-01,64.566002
2017-05-02,63.778
2017-05-03,62.203999
2017-05-04,59.091999
2017-05-05,61.669998
2017-05-08,61.438
2017-05-09,64.251999
2017-05-10,65.043999
2017-05-11,64.620003
2017-05-12,64.961998
2017-05-15,63.175999
2017-05-16,63.402
2017-05-17,61.222
2017-05-18,62.612
2017-05-19,62.166
2017-05-22,62.07
2017-05-23,60.771999
2017-05-24,62.043999
2017-05-25,63.366001
2017-05-26,65.028
2017-05-30,67.019997
2017-05-31,68.202003
2017-06-01,68.073997
2017-06-02,67.970001
2017-06-05,69.463997
2017-06-06,70.57
2017-06-07,71.93
2017-06-08,74.0
2017-06-09,71.463997
2017-06-12,71.802002
2017-06-13,75.190002
2017-06-14,76.132004
2017-06-15,75.068001
2017-06-16,74.279999
2017-06-19,73.959999
2017-06-20,74.447998
2017-06-21,75.279999
2017-06-22,76.522003
2017-06-23,76.690002
2017-06-26,75.498001
2017-06-27,72.473999
2017-06-28,74.248001
2017-06-29,72.150002
2017-06-30,72.321999
2017-07-03,70.524002
2017-07-05,65.417999
2017-07-06,61.765999
2017-07-07,62.644001
2017-07-10,63.209999
2017-07-11,65.444
2017-07-12,65.903999
2017-07-13,64.681999
2017-07-14,65.556
2017-07-17,63.914001
2017-07-18,65.648003
2017-07-19,65.052002
2017-07-20,65.984001
2017-07-21,65.68
2017-07-24,68.503998
2017-07-25,67.919998
2017-07-26,68.769997
2017-07-27,66.891998
2017-07-28,67.014
2017-07-31,64.694
2017-08-01,63.914001
2017-08-02,65.178001
2017-08-03,69.417999
2017-08-04,71.382004
2017-08-07,71.033997
2017-08-08,73.043999
2017-08-09,72.706001
2017-08-10,71.080002
2017-08-11,71.573997
2017-08-14,72.760002
2017-08-15,72.466003
2017-08-16,72.582001
2017-08-17,70.384003
2017-08-18,69.491997
2017-08-21,67.571999
2017-08-22,68.269997
2017-08-23,70.554001
2017-08-24,70.585999
2017-08-25,69.610001
2017-08-28,69.132004
2017-08-29,69.472
2017-08-30,70.636002
2017-08-31,71.18
2017-09-01,71.080002
2017-09-05,69.917999
2017-09-06,68.905998
2017-09-07,70.122002
2017-09-08,68.68
2017-09-11,72.737999
2017-09-12,72.550003
2017-09-13,73.246002
2017-09-14,75.528
2017-09-15,75.961998
2017-09-18,77.0
2017-09-19,75.019997
2017-09-20,74.781998
2017-09-21,73.295998
2017-09-22,70.218002
2017-09-25,68.998001
2017-09-26,69.050003
2017-09-27,68.194
2017-09-28,67.919998
2017-09-29,68.220001
2017-10-02,68.306
2017-10-03,69.627998
2017-10-04,71.001999
2017-10-05,71.066002
2017-10-06,71.375999
2017-10-09,68.587997
2017-10-10,71.117996
2017-10-11,70.919998
2017-10-12,71.136002
2017-10-13,71.113998
2017-10-16,70.120003
2017-10-17,71.150002
2017-10-18,71.93
2017-10-19,70.362
2017-10-20,69.019997
2017-10-23,67.403999
2017-10-24,67.468002
2017-10-25,65.167999
2017-10-26,65.234001
2017-10-27,64.174004
2017-10-30,64.015999
2017-10-31,66.306
2017-11-01,64.216003
2017-11-02,59.852001
2017-11-03,61.217999
2017-11-06,60.556
2017-11-07,61.209999
2017-11-08,60.877998
2017-11-09,60.598
2017-11-10,60.598
2017-11-13,63.080002
2017-11-14,61.740002
2017-11-15,62.259998
2017-11-16,62.5
2017-11-17,63.009998
2017-11-20,61.748001
2017-11-21,63.562
2017-11-22,62.52
2017-11-24,63.110001
2017-11-27,63.362
2017-11-28,63.509998
2017-11-29,61.507999
2017-11-30,61.77
2017-12-01,61.306
2017-12-04,61.040001
2017-12-05,60.740002
2017-12-06,62.652
2017-12-07,62.248001
2017-12-08,63.026001
2017-12-11,65.781998
2017-12-12,68.206001
2017-12-13,67.806
2017-12-14,67.578003
2017-12-15,68.690002
2017-12-18,67.774002
2017-12-19,66.220001
2017-12-20,65.795998
2017-12-21,66.332001
2017-12-22,65.040001
2017-12-26,63.458
2017-12-27,62.327999
2017-12-28,63.071999
2017-12-29,62.27
2018-01-02,64.106003
2018-01-03,63.450001
2018-01-04,62.924
2018-01-05,63.316002
2018-01-08,67.281998
2018-01-09,66.737999
2018-01-10,66.959999
2018-01-11,67.589996
2018-01-12,67.244003
2018-01-16,68.012001
2018-01-17,69.431999
2018-01-18,68.914001
2018-01-19,70.003998
2018-01-22,70.311996
2018-01-23,70.557999
2018-01-24,69.178001
2018-01-25,67.528
2018-01-26,68.57
2018-01-29,69.905998
2018-01-30,69.164001
2018-01-31,70.862
2018-02-01,69.849998
2018-02-02,68.75
2018-02-05,66.625999
2018-02-06,66.793999
2018-02-07,69.0
2018-02-08,63.046001
2018-02-09,62.084
2018-02-12,63.146
2018-02-13,64.732002
2018-02-14,64.461998
2018-02-15,66.814003
2018-02-16,67.098
2018-02-20,66.954002
2018-02-21,66.660004
2018-02-22,69.234001
2018-02-23,70.410004
2018-02-26,71.484001
2018-02-27,70.197998
2018-02-28,68.612
2018-03-01,66.185997
2018-03-02,67.024002
2018-03-05,66.669998
2018-03-06,65.639999
2018-03-07,66.459999
2018-03-08,65.82
2018-03-09,65.433998
2018-03-12,69.101997
2018-03-13,68.367996
2018-03-14,65.325996
2018-03-15,65.120003
2018-03-16,64.269997
2018-03-19,62.712002
2018-03-20,62.110001
2018-03-21,63.306
2018-03-22,61.82
2018-03-23,60.307999
2018-03-26,60.835999
2018-03-27,55.835999
2018-03-28,51.556
2018-03-29,53.226002
2018-04-02,50.495998
2018-04-03,53.506001
2018-04-04,57.388
2018-04-05,61.144001
2018-04-06,59.860001
2018-04-09,57.931999
2018-04-10,60.939999
2018-04-11,60.186001
2018-04-12,58.816002
2018-04-13,60.068001
2018-04-16,58.242001
2018-04-17,57.537998
2018-04-18,58.669998
2018-04-19,60.015999
2018-04-20,58.048
2018-04-23,56.674
2018-04-24,56.692001
2018-04-25,56.138
2018-04-26,57.096001
2018-04-27,58.816002
2018-04-30,58.779999
2018-05-01,59.984001
2018-05-02,60.23
2018-05-03,56.889999
2018-05-04,58.818001
2018-05-07,60.554001
2018-05-08,60.394001
2018-05-09,61.369999
2018-05-10,61.004002
2018-05-11,60.212002
2018-05-14,58.394001
2018-05-15,56.835999
2018-05-16,57.296001
2018-05-17,56.908001
2018-05-18,55.363998
2018-05-21,56.897999
2018-05-22,55.001999
2018-05-23,55.813999
2018-05-24,55.57
2018-05-25,55.77
2018-05-29,56.751999
2018-05-30,58.344002
2018-05-31,56.945999
2018-06-01,58.363998
2018-06-04,59.348
2018-06-05,58.226002
2018-06-06,63.900002
2018-06-07,63.217999
2018-06-08,63.532001
2018-06-11,66.419998
2018-06-12,68.554001
2018-06-13,68.956001
2018-06-14,71.543999
2018-06-15,71.634003
2018-06-18,74.166
2018-06-19,70.510002
2018-06-20,72.444
2018-06-21,69.501999
2018-06-22,66.725998
2018-06-25,66.601997
2018-06-26,68.400002
2018-06-27,68.900002
2018-06-28,69.986
2018-06-29,68.589996
2018-07-02,67.014
2018-07-03,62.172001
2018-07-05,61.832001
2018-07-06,61.779999
2018-07-09,63.702
2018-07-10,64.494003
2018-07-11,63.792
2018-07-12,63.341999
2018-07-13,63.773998
2018-07-16,62.02
2018-07-17,64.538002
2018-07-18,64.769997
2018-07-19,64.045998
2018-07-20,62.716
2018-07-23,60.639999
2018-07-24,59.486
2018-07-25,61.748001
2018-07-26,61.330002
2018-07-27,59.436001
2018-07-30,58.034
2018-07-31,59.627998
2018-08-01,60.167999
2018-08-02,69.907997
2018-08-03,69.634003
2018-08-06,68.398003
2018-08-07,75.914001
2018-08-08,74.068001
2018-08-09,70.489998
2018-08-10,71.098
2018-08-13,71.281998
2018-08-14,69.528
2018-08-15,67.737999
2018-08-16,67.089996
2018-08-17,61.099998
2018-08-20,61.688
2018-08-21,64.379997
2018-08-22,64.328003
2018-08-23,64.019997
2018-08-24,64.564003
2018-08-27,63.854
2018-08-28,62.372002
2018-08-29,61.001999
2018-08-30,60.630001
2018-08-31,60.332001
2018-09-04,57.790001
2018-09-05,56.147999
2018-09-06,56.189999
2018-09-07,52.647999
2018-09-10,57.099998
2018-09-11,55.888
2018-09-12,58.108002
2018-09-13,57.891998
2018-09-14,59.040001
2018-09-17,58.967999
2018-09-18,56.992001
2018-09-19,59.804001
2018-09-20,59.666
2018-09-21,59.82
2018-09-24,59.936001
2018-09-25,60.198002
2018-09-26,61.916
2018-09-27,61.504002
2018-09-28,52.953999
2018-10-01,62.139999
2018-10-02,60.203999
2018-10-03,58.959999
2018-10-04,56.366001
2018-10-05,52.389999
2018-10-08,50.112
2018-10-09,52.560001
2018-10-10,51.375999
2018-10-11,50.445999
2018-10-12,51.756001
2018-10-15,51.917999
2018-10-16,55.318001
2018-10-17,54.355999
2018-10-18,52.782001
2018-10-19,52.0
2018-10-22,52.189999
2018-10-23,58.827999
2018-10-24,57.700001
2018-10-25,62.972
2018-10-26,66.18
2018-10-29,66.970001
2018-10-30,65.980003
2018-10-31,67.463997
2018-11-01,68.856003
2018-11-02,69.281998
2018-11-05,68.279999
2018-11-06,68.211998
2018-11-07,69.632004
2018-11-08,70.279999
2018-11-09,70.101997
2018-11-12,66.255997
2018-11-13,67.746002
2018-11-14,68.800003
2018-11-15,69.688004
2018-11-16,70.862
2018-11-19,70.694
2018-11-20,69.498001
2018-11-21,67.638
2018-11-23,65.166
2018-11-26,69.199997
2018-11-27,68.783997
2018-11-28,69.573997
2018-11-29,68.234001
2018-11-30,70.096001
2018-12-03,71.697998
2018-12-04,71.940002
2018-12-06,72.612
2018-12-07,71.594002
2018-12-10,73.029999
2018-12-11,73.351997
2018-12-12,73.32
2018-12-13,75.358002
2018-12-14,73.141998
2018-12-17,69.683998
2018-12-18,67.405998
2018-12-19,66.594002
2018-12-20,63.076
2018-12-21,63.953999
2018-12-24,59.077999
2018-12-26,65.218002
2018-12-27,63.226002
2018-12-28,66.774002
2018-12-31,66.559998
2019-01-02,62.023998
2019-01-03,60.071999
2019-01-04,63.537998
2019-01-07,66.991997
2019-01-08,67.07
2019-01-09,67.706001
2019-01-10,68.994003
2019-01-11,69.452003
2019-01-14,66.879997
2019-01-15,68.886002
2019-01-16,69.209999
2019-01-17,69.461998
2019-01-18,60.452
2019-01-22,59.784
2019-01-23,57.518002
2019-01-24,58.301998
2019-01-25,59.408001
2019-01-28,59.276001
2019-01-29,59.492001
2019-01-30,61.754002
2019-01-31,61.403999
2019-02-01,62.442001
2019-02-04,62.577999
2019-02-05,64.269997
2019-02-06,63.444
2019-02-07,61.501999
2019-02-08,61.16
2019-02-11,62.568001
2019-02-12,62.362
2019-02-13,61.633999
2019-02-14,60.754002
2019-02-15,61.576
2019-02-19,61.127998
2019-02-20,60.512001
2019-02-21,58.245998
2019-02-22,58.942001
2019-02-25,59.754002
2019-02-26,59.571999
2019-02-27,62.948002
2019-02-28,63.976002
2019-03-01,58.958
2019-03-04,57.071999
2019-03-05,55.307999
2019-03-06,55.248001
2019-03-07,55.318001
2019-03-08,56.827999
2019-03-11,58.183998
2019-03-12,56.672001
2019-03-13,57.792
2019-03-14,57.992001
2019-03-15,55.085999
2019-03-18,53.897999
2019-03-19,53.493999
2019-03-20,54.720001
2019-03-21,54.804001
2019-03-22,52.905998
2019-03-25,52.084
2019-03-26,53.554001
2019-03-27,54.966
2019-03-28,55.723999
2019-03-29,55.972
2019-04-01,57.835999
2019-04-02,57.175999
2019-04-03,58.362
2019-04-04,53.556
2019-04-05,54.992001
2019-04-08,54.639999
2019-04-09,54.462002
2019-04-10,55.212002
2019-04-11,53.683998
2019-04-12,53.540001
2019-04-15,53.276001
2019-04-16,54.672001
2019-04-17,54.245998
2019-04-18,54.652
2019-04-22,52.549999
2019-04-23,52.779999
2019-04-24,51.731998
2019-04-25,49.526001
2019-04-26,47.028
2019-04-29,48.293999
2019-04-30,47.737999
2019-05-01,46.801998
2019-05-02,48.82
2019-05-03,51.006001
2019-05-06,51.068001
2019-05-07,49.411999
2019-05-08,48.967999
2019-05-09,48.396
2019-05-10,47.903999
2019-05-13,45.402
2019-05-14,46.462002
2019-05-15,46.389999
2019-05-16,45.666
2019-05-17,42.206001
2019-05-20,41.071999
2019-05-21,41.015999
2019-05-22,38.546001
2019-05-23,39.098
2019-05-24,38.125999
2019-05-28,37.740002
2019-05-29,37.972
2019-05-30,37.644001
2019-05-31,37.032001
2019-06-03,35.793999
2019-06-04,38.720001
2019-06-05,39.318001
2019-06-06,41.189999
2019-06-07,40.900002
2019-06-10,42.576
2019-06-11,43.419998
2019-06-12,41.852001
2019-06-13,42.782001
2019-06-14,42.984001
2019-06-17,45.006001
2019-06-18,44.948002
2019-06-19,45.285999
2019-06-20,43.924
2019-06-21,44.372002
2019-06-24,44.728001
2019-06-25,43.952
2019-06-26,43.854
2019-06-27,44.568001
2019-06-28,44.692001
2019-07-01,45.433998
2019-07-02,44.91
2019-07-03,46.98
2019-07-05,46.619999
2019-07-08,46.068001
2019-07-09,46.012001
2019-07-10,47.784
2019-07-11,47.720001
2019-07-12,49.015999
2019-07-15,50.700001
2019-07-16,50.476002
2019-07-17,50.972
2019-07-18,50.708
2019-07-19,51.636002
2019-07-22,51.136002
2019-07-23,52.034
2019-07-24,52.976002
2019-07-25,45.764
2019-07-26,45.608002
2019-07-29,47.153999
2019-07-30,48.452
2019-07-31,48.321999
2019-08-01,46.77
2019-08-02,46.868
2019-08-05,45.664001
2019-08-06,46.150002
2019-08-07,46.683998
2019-08-08,47.66
2019-08-09,47.001999
2019-08-12,45.801998
2019-08-13,47.0
2019-08-14,43.924
2019-08-15,43.127998
2019-08-16,43.987999
2019-08-19,45.366001
2019-08-20,45.172001
2019-08-21,44.166
2019-08-22,44.43
2019-08-23,42.279999
2019-08-26,43.0
2019-08-27,42.816002
2019-08-28,43.118
2019-08-29,44.341999
2019-08-30,45.122002
2019-09-03,45.001999
2019-09-04,44.136002
2019-09-05,45.916
2019-09-06,45.490002
2019-09-09,46.358002
2019-09-10,47.108002
2019-09-11,49.419998
2019-09-12,49.174
2019-09-13,49.040001
2019-09-16,48.562
2019-09-17,48.958
2019-09-18,48.698002
2019-09-19,49.32
2019-09-20,48.124001
2019-09-23,48.245998
2019-09-24,44.641998
2019-09-25,45.740002
2019-09-26,48.512001
2019-09-27,48.425999
2019-09-30,48.174
2019-10-01,48.938
2019-10-02,48.625999
2019-10-03,46.605999
2019-10-04,46.285999
2019-10-07,47.543999
2019-10-08,48.009998
2019-10-09,48.905998
2019-10-10,48.948002
2019-10-11,49.577999
2019-10-14,51.391998
2019-10-15,51.577999
2019-10-16,51.950001
2019-10-17,52.394001
2019-10-18,51.389999
2019-10-21,50.700001
2019-10-22,51.116001
2019-10-23,50.936001
2019-10-24,59.936001
2019-10-25,65.625999
2019-10-28,65.542
2019-10-29,63.243999
2019-10-30,63.001999
2019-10-31,62.984001
2019-11-01,62.661999
2019-11-04,63.493999
2019-11-05,63.444
2019-11-06,65.316002
2019-11-07,67.108002
2019-11-08,67.428001
2019-11-11,69.017998
2019-11-12,69.986
2019-11-13,69.222
2019-11-14,69.870003
2019-11-15,70.433998
2019-11-18,69.998001
2019-11-19,71.903999
2019-11-20,70.444
2019-11-21,70.966003
2019-11-22,66.608002
2019-11-25,67.267998
2019-11-26,65.783997
2019-11-27,66.258003
2019-11-29,65.987999
2019-12-02,66.973999
2019-12-03,67.239998
2019-12-04,66.606003
2019-12-05,66.073997
2019-12-06,67.178001
2019-12-09,67.905998
2019-12-10,69.767998
2019-12-11,70.540001
2019-12-12,71.935997
2019-12-13,71.678001
2019-12-16,76.300003
2019-12-17,75.797997
2019-12-18,78.629997
2019-12-19,80.807999
2019-12-20,81.117996
2019-12-23,83.844002
2019-12-24,85.050003
2019-12-26,86.188004
2019-12-27,86.075996
2019-12-30,82.940002
2019-12-31,83.666
2020-01-02,86.052002
2020-01-03,88.601997
2020-01-06,90.307999
2020-01-07,93.811996
2020-01-08,98.428001
2020-01-09,96.267998
2020-01-10,95.629997
2020-01-13,104.972
2020-01-14,107.584
2020-01-15,103.699997
2020-01-16,102.697998
2020-01-17,102.099998
2020-01-21,109.440002
2020-01-22,113.912003
2020-01-23,114.440002
2020-01-24,112.963997
2020-01-27,111.603996
2020-01-28,113.379997
2020-01-29,116.197998
2020-01-30,128.162003
2020-01-31,130.113998
2020-02-03,156.0
2020-02-04,177.412003
2020-02-05,146.940002
2020-02-06,149.792007
2020-02-07,149.613998
2020-02-10,154.255997
2020-02-11,154.876007
2020-02-12,153.457993
2020-02-13,160.800003
2020-02-14,160.005997
2020-02-18,171.679993
2020-02-19,183.483994
2020-02-20,179.882004
2020-02-21,180.199997
2020-02-24,166.757996
2020-02-25,159.981995
2020-02-26,155.759995
2020-02-27,135.800003
2020-02-28,133.598007
2020-03-02,148.723999
2020-03-03,149.102005
2020-03-04,149.899994
2020-03-05,144.908005
2020-03-06,140.695999
2020-03-09,121.599998
2020-03-10,129.065994
2020-03-11,126.846001
2020-03-12,112.110001
2020-03-13,109.323997
2020-03-16,89.014
2020-03-17,86.040001
2020-03-18,72.244003
2020-03-19,85.528
2020-03-20,85.505997
2020-03-23,86.858002
2020-03-24,101.0
2020-03-25,107.849998
2020-03-26,105.632004
2020-03-27,102.872002
2020-03-30,100.426003
2020-03-31,104.800003
2020-04-01,96.311996
2020-04-02,90.893997
2020-04-03,96.001999
2020-04-06,103.248001
2020-04-07,109.089996
2020-04-08,109.767998
2020-04-09,114.599998
2020-04-13,130.190002
2020-04-14,141.977997
2020-04-15,145.966003
2020-04-16,149.042007
2020-04-17,150.778
2020-04-20,149.272003
2020-04-21,137.343994
2020-04-22,146.421997
2020-04-23,141.126007
2020-04-24,145.029999
2020-04-27,159.75
2020-04-28,153.824005
2020-04-29,160.102005
2020-04-30,156.376007
2020-05-01,140.264008
2020-05-04,152.238007
2020-05-05,153.641998
2020-05-06,156.516006
2020-05-07,156.007996
2020-05-08,163.884003
2020-05-11,162.257996
2020-05-12,161.882004
2020-05-13,158.192001
2020-05-14,160.666
2020-05-15,159.834
2020-05-18,162.725998
2020-05-19,161.602005
2020-05-20,163.112
2020-05-21,165.520004
2020-05-22,163.376007
2020-05-26,163.774002
2020-05-27,164.046005
2020-05-28,161.162003
2020-05-29,167.0
2020-06-01,179.619995
2020-06-02,176.311996
2020-06-03,176.591995
2020-06-04,172.876007
2020-06-05,177.132004
2020-06-08,189.983994
2020-06-09,188.134003
2020-06-10,205.009995
2020-06-11,194.567993
2020-06-12,187.056
2020-06-15,198.179993
2020-06-16,196.425995
2020-06-17,198.358002
2020-06-18,200.792007
2020-06-19,200.179993
2020-06-22,198.863998
2020-06-23,200.356003
2020-06-24,192.169998
2020-06-25,197.195999
2020-06-26,191.947998
2020-06-29,201.869995
2020-06-30,215.962006
2020-07-01,223.925995
2020-07-02,241.731995
2020-07-06,274.31601
2020-07-07,277.971985
2020-07-08,273.175995
2020-07-09,278.855988
2020-07-10,308.929993
2020-07-13,299.411987
2020-07-14,303.359985
2020-07-15,309.201996
2020-07-16,300.127991
2020-07-17,300.167999
2020-07-20,328.600006
2020-07-21,313.671997
2020-07-22,318.466003
2020-07-23,302.614014
2020-07-24,283.399994
2020-07-27,307.920013
2020-07-28,295.298004
2020-07-29,299.821991
2020-07-30,297.497986
2020-07-31,286.152008
2020-08-03,297.0
2020-08-04,297.399994
2020-08-05,297.003998
2020-08-06,297.915985
2020-08-07,290.541992
2020-08-10,283.713989
2020-08-11,274.877991
2020-08-12,310.951996
2020-08-13,324.200012
2020-08-14,330.141998
2020-08-17,367.127991
2020-08-18,377.417999
2020-08-19,375.705994
2020-08-20,400.365997
2020-08-21,409.996002
2020-08-24,402.839996
2020-08-25,404.667999
2020-08-26,430.634003
2020-08-27,447.75
2020-08-28,442.679993
2020-08-31,498.320007
2020-09-01,475.049988
2020-09-02,447.369995
2020-09-03,407.0
2020-09-04,418.320007
2020-09-08,330.209991
2020-09-09,366.279999
2020-09-10,371.339996
2020-09-11,372.720001
2020-09-14,419.619995
2020-09-15,449.76001
2020-09-16,441.76001
2020-09-17,423.429993
2020-09-18,442.149994
2020-09-21,449.390015
2020-09-22,424.230011
2020-09-23,380.359985
2020-09-24,387.790009
2020-09-25,407.339996
2020-09-28,421.200012
2020-09-29,419.070007
2020-09-30,429.01001
2020-10-01,448.160004
2020-10-02,415.089996
2020-10-05,425.679993
2020-10-06,413.980011
2020-10-07,425.299988
2020-10-08,425.920013
2020-10-09,434.0
2020-10-12,442.299988
2020-10-13,446.649994
2020-10-14,461.299988
2020-10-15,448.880005
2020-10-16,439.670013
2020-10-19,430.829987
2020-10-20,421.940002
2020-10-21,422.640015
2020-10-22,425.790009
2020-10-23,420.630005
2020-10-26,420.279999
2020-10-27,424.679993
2020-10-28,406.019989
2020-10-29,410.829987
2020-10-30,388.040009
2020-11-02,400.51001
2020-11-03,423.899994
2020-11-04,420.980011
2020-11-05,438.089996
2020-11-06,429.950012
2020-11-09,421.26001
2020-11-10,410.359985
2020-11-11,417.130005
2020-11-12,411.76001
2020-11-13,408.5
2020-11-16,408.089996
2020-11-17,441.609985
2020-11-18,486.640015
2020-11-19,499.269989
2020-11-20,489.609985
2020-11-23,521.849976
2020-11-24,555.380005
2020-11-25,574.0
2020-11-27,585.76001
2020-11-30,567.599976
2020-12-01,584.76001
2020-12-02,568.820007
2020-12-03,593.380005
2020-12-04,599.039978
2020-12-07,641.76001
2020-12-08,649.880005
2020-12-09,604.47998
2020-12-10,627.070007
2020-12-11,609.98999
2020-12-14,639.830017
2020-12-15,633.25
2020-12-16,622.77002
2020-12-17,655.900024
2020-12-18,695.0
2020-12-21,649.859985
2020-12-22,640.340027
2020-12-23,645.97998
2020-12-24,661.77002
2020-12-28,663.690002
2020-12-29,665.98999
2020-12-30,694.780029
2020-12-31,705.669983
2021-01-04,729.77002
2021-01-05,735.109985
2021-01-06,755.97998
2021-01-07,816.039978
2021-01-08,880.02002
2021-01-11,811.190002
2021-01-12,849.440002
2021-01-13,854.409973
2021-01-14,845.0
2021-01-15,826.159973
2021-01-19,844.549988
2021-01-20,850.450012
2021-01-21,844.98999
2021-01-22,846.640015
2021-01-25,880.799988
2021-01-26,883.090027
2021-01-27,864.159973
2021-01-28,835.429993
2021-01-29,793.530029
2021-02-01,839.809998
2021-02-02,872.789978
2021-02-03,854.690002
2021-02-04,849.98999
2021-02-05,852.22998
2021-02-08,863.419983
2021-02-09,849.460022
2021-02-10,804.820007
2021-02-11,811.659973
2021-02-12,816.119995
2021-02-16,796.219971
2021-02-17,798.150024
2021-02-18,787.380005
2021-02-19,781.299988
2021-02-22,714.5
2021-02-23,698.840027
2021-02-24,742.02002
2021-02-25,682.219971
2021-02-26,675.5
2021-03-01,718.429993
2021-03-02,686.440002
2021-03-03,653.200012
2021-03-04,621.440002
2021-03-05,597.950012
2021-03-08,563.0
2021-03-09,673.580017
2021-03-10,668.059998
2021-03-11,699.599976
2021-03-12,693.72998
2021-03-15,707.940002
2021-03-16,676.880005
2021-03-17,701.809998
2021-03-18,653.159973
2021-03-19,654.869995
2021-03-22,670.0
2021-03-23,662.159973
2021-03-24,630.27002
2021-03-25,640.390015
2021-03-26,618.710022
2021-03-29,611.289978
2021-03-30,635.619995
2021-03-31,667.929993
2021-04-01,661.75
2021-04-05,691.049988
2021-04-06,691.619995
2021-04-07,670.969971
2021-04-08,683.799988
2021-04-09,677.02002
2021-04-12,701.97998
2021-04-13,762.320007
2021-04-14,732.22998
2021-04-15,738.849976
2021-04-16,739.780029
2021-04-19,714.630005
2021-04-20,718.98999
2021-04-21,744.119995
2021-04-22,719.690002
2021-04-23,729.400024
2021-04-26,738.200012
2021-04-27,704.73999
2021-04-28,694.400024
2021-04-29,677.0
2021-04-30,709.440002
2021-05-03,684.900024
2021-05-04,673.599976
2021-05-05,670.940002
2021-05-06,663.539978
2021-05-07,672.369995
2021-05-10,629.039978
2021-05-11,617.200012
2021-05-12,589.890015
2021-05-13,571.690002
2021-05-14,589.73999
2021-05-17,576.830017
2021-05-18,577.869995
2021-05-19,563.460022
2021-05-20,586.780029
2021-05-21,580.880005
2021-05-24,606.440002
2021-05-25,604.690002
2021-05-26,619.130005
2021-05-27,630.849976
2021-05-28,625.219971
2021-06-01,623.900024
2021-06-02,605.119995
2021-06-03,572.840027
2021-06-04,599.049988
2021-06-07,605.130005
2021-06-08,603.590027
2021-06-09,598.780029
2021-06-10,610.119995
2021-06-11,609.890015
2021-06-14,617.690002
2021-06-15,599.359985
2021-06-16,604.869995
2021-06-17,616.599976
2021-06-18,623.309998
2021-06-21,620.830017
2021-06-22,623.710022
2021-06-23,656.570007
2021-06-24,679.820007
2021-06-25,671.869995
2021-06-28,688.719971
2021-06-29,680.76001
2021-06-30,679.700012
2021-07-01,677.919983
2021-07-02,678.900024
2021-07-06,659.580017
2021-07-07,644.650024
2021-07-08,652.809998
2021-07-09,656.950012
2021-07-12,685.700012
2021-07-13,668.539978
2021-07-14,653.380005
2021-07-15,650.599976
2021-07-16,644.219971
2021-07-19,646.219971
2021-07-20,660.5
2021-07-21,655.289978
2021-07-22,649.26001
2021-07-23,643.380005
2021-07-26,657.619995
2021-07-27,644.780029
2021-07-28,646.97998
2021-07-29,677.349976
2021-07-30,687.200012
2021-08-02,709.669983
2021-08-03,709.73999
2021-08-04,710.919983
2021-08-05,714.630005
2021-08-06,699.099976
2021-08-09,713.76001
2021-08-10,709.98999
2021-08-11,707.820007
2021-08-12,722.25
2021-08-13,717.169983
2021-08-16,686.169983
2021-08-17,665.710022
2021-08-18,688.98999
2021-08-19,673.469971
2021-08-20,680.26001
2021-08-23,706.299988
2021-08-24,708.48999
2021-08-25,711.200012
2021-08-26,701.159973
2021-08-27,711.919983
2021-08-30,730.909973
2021-08-31,735.719971
2021-09-01,734.090027
2021-09-02,732.390015
2021-09-03,733.570007
2021-09-07,752.919983
2021-09-08,753.869995
2021-09-09,754.859985
2021-09-10,736.27002
2021-09-13,743.0
2021-09-14,744.48999
2021-09-15,755.830017
2021-09-16,756.98999
2021-09-17,759.48999
2021-09-20,730.169983
2021-09-21,739.380005
2021-09-22,751.940002
2021-09-23,753.640015
2021-09-24,774.390015
2021-09-27,791.359985
2021-09-28,777.559998
2021-09-29,781.309998
2021-09-30,775.47998
2021-10-01,775.219971
2021-10-04,781.530029
2021-10-05,780.590027
2021-10-06,782.75
2021-10-07,793.609985
2021-10-08,785.48999
2021-10-11,791.940002
2021-10-12,805.719971
2021-10-13,811.080017
2021-10-14,818.320007
2021-10-15,843.030029
2021-10-18,870.109985
2021-10-19,864.27002
2021-10-20,865.799988
2021-10-21,894.0
2021-10-22,909.679993
2021-10-25,1024.859985
2021-10-26,1018.429993
2021-10-27,1037.859985
2021-10-28,1077.040039
2021-10-29,1114.0
2021-11-01,1208.589966
2021-11-02,1172.0
2021-11-03,1213.859985
2021-11-04,1229.910034
2021-11-05,1222.089966
2021-11-08,1162.939941
2021-11-09,1023.5
2021-11-10,1067.949951
2021-11-11,1063.51001
2021-11-12,1033.420044
2021-11-15,1013.390015
2021-11-16,1054.72998
2021-11-17,1089.01001
2021-11-18,1096.380005
2021-11-19,1137.060059
2021-11-22,1156.869995
2021-11-23,1109.030029
2021-11-24,1116.0
2021-11-26,1081.920044
2021-11-29,1136.98999
2021-11-30,1144.76001
2021-12-01,1095.0
2021-12-02,1084.599976
2021-12-03,1014.969971
2021-12-06,1009.01001
2021-12-07,1051.75
2021-12-08,1068.959961
2021-12-09,1003.799988
2021-12-10,1017.030029
2021-12-13,966.409973
2021-12-14,958.51001
2021-12-15,975.98999
2021-12-16,926.919983
2021-12-17,932.570007
2021-12-20,899.940002
2021-12-21,938.530029
2021-12-22,1008.869995
2021-12-23,1067.0
2021-12-27,1093.939941
2021-12-28,1088.469971
2021-12-29,1086.189941
2021-12-30,1070.339966
2021-12-31,1056.780029
2022-01-03,1199.780029
2022-01-04,1149.589966
2022-01-05,1088.119995
2022-01-06,1064.699951
2022-01-07,1026.959961
2022-01-10,1058.119995
2022-01-11,1064.400024
2022-01-12,1106.219971
2022-01-13,1031.560059
2022-01-14,1049.609985
2022-01-18,1030.51001
2022-01-19,995.650024
2022-01-20,996.27002
2022-01-21,943.900024
2022-01-24,930.0
2022-01-25,918.400024
2022-01-26,937.409973
2022-01-27,829.099976
2022-01-28,846.349976
2022-01-31,936.719971
2022-02-01,931.25
2022-02-02,905.659973
2022-02-03,891.140015
2022-02-04,923.320007
2022-02-07,907.340027
2022-02-08,922.0
2022-02-09,932.0
2022-02-10,904.549988
2022-02-11,860.0
2022-02-14,875.76001
2022-02-15,922.429993
2022-02-16,923.390015
2022-02-17,876.349976
2022-02-18,856.97998
2022-02-22,821.530029
2022-02-23,764.039978
2022-02-24,800.77002
2022-02-25,809.869995
2022-02-28,870.429993
2022-03-01,864.369995
2022-03-02,879.890015
2022-03-03,839.289978
2022-03-04,838.289978
2022-03-07,804.580017
2022-03-08,824.400024
2022-03-09,858.969971
2022-03-10,838.299988
2022-03-11,795.349976
2022-03-14,766.369995
2022-03-15,801.890015
2022-03-16,840.22998
2022-03-17,871.599976
2022-03-18,905.390015
2022-03-21,921.159973
2022-03-22,993.97998
2022-03-23,999.109985
2022-03-24,1013.919983
2022-03-25,1010.640015
2022-03-28,1091.839966
2022-03-29,1099.569946
2022-03-30,1093.98999
2022-03-31,1077.599976
2022-04-01,1084.589966
2022-04-04,1145.449951
2022-04-05,1091.26001
2022-04-06,1045.76001
2022-04-07,1057.26001
2022-04-08,1025.48999
2022-04-11,975.929993
2022-04-12,986.950012
2022-04-13,1022.369995
2022-04-14,985.0
2022-04-18,1004.289978
2022-04-19,1028.150024
